{
  "molecule": "LiH",
  "bond_length": 1.595,
  "basis": "sto-3g",
  "active_space": "(2e, 3o)",
  "n_qubits": 6,
  "pauli_labels": [
    "IIIIII",
    "IIIIIZ",
    "IIIIYY",
    "IIIIXX",
    "IIIIZI",
    "IIIZII",
    "IIZIII",
    "IYYIII",
    "IXXIII",
    "IZIIII",
    "ZIIIII",
    "IIIIZZ",
    "IIIZIZ",
    "IIZIIZ",
    "IYYIIZ",
    "IXXIIZ",
    "IZIIIZ",
    "ZIIIIZ",
    "IIIZYY",
    "IIIZXX",
    "IIZIYY",
    "IIZIXX",
    "IYYIYY",
    "IXXIYY",
    "IYYIXX",
    "IXXIXX",
    "IZIIYY",
    "IZIIXX",
    "ZIIIYY",
    "ZIIIXX",
    "YZYYZY",
    "XZXYZY",
    "YZYXZX",
    "XZXXZX",
    "YYIYZY",
    "XXIYZY",
    "YYIXZX",
    "XXIXZX",
    "IIIZZI",
    "IIZIZI",
    "IYYIZI",
    "IXXIZI",
    "IZIIZI",
    "ZIIIZI",
    "YZYYYI",
    "XZXYYI",
    "YZYXXI",
    "XZXXXI",
    "YYIYYI",
    "XXIYYI",
    "YYIXXI",
    "XXIXXI",
    "IIZZII",
    "IYYZII",
    "IXXZII",
    "IZIZII",
    "ZIIZII",
    "IZZIII",
    "ZIZIII",
    "ZYYIII",
    "ZXXIII",
    "ZZIIII"
  ],
  "hamiltonian_coeffs": [
    -0.4610943472,
    0.0267929798,
    0.0120165932,
    0.0120165932,
    -0.1456736247,
    -0.1615415094,
    0.0267929798,
    0.0120165932,
    0.0120165932,
    -0.1456736247,
    -0.1615415094,
    0.052684777,
    0.061742011,
    0.1219144565,
    0.0121237381,
    0.0121237381,
    0.0559382693,
    0.0676045404,
    0.0033899272,
    0.0033899272,
    0.0121237381,
    0.0121237381,
    0.0032534924,
    0.0032534924,
    0.0032534924,
    0.0032534924,
    -0.0018545502,
    -0.0018545502,
    -0.001428226,
    -0.001428226,
    0.0058625294,
    0.0058625294,
    0.0058625294,
    0.0058625294,
    0.0048181532,
    0.0048181532,
    0.0048181532,
    0.0048181532,
    0.0601814949,
    0.0559382693,
    -0.0018545502,
    -0.0018545502,
    0.0844837494,
    0.0705009434,
    0.0048181532,
    0.0048181532,
    0.0048181532,
    0.0048181532,
    0.0103194485,
    0.0103194485,
    0.0103194485,
    0.0103194485,
    0.0676045404,
    -0.001428226,
    -0.001428226,
    0.0705009434,
    0.0782363778,
    0.052684777,
    0.061742011,
    0.0033899272,
    0.0033899272,
    0.0601814949
  ],
  "exact_gs_energy": -1.0601042039551127,
  "n_samples": 2000,
  "n_params": 24,
  "shots": 10000,
  "noise_backend": "FakeJakartaV2",
  "n_2q_gates": 15,
  "n_sx_gates": 48
}